date,nav,daily_ret
2021-07-06,1.0,
2021-07-09,0.993,-0.7000000000000006
2021-07-16,1.0149,2.2054380664652484
2021-07-19,0.9919,-2.2662331264163837
2021-07-20,0.9818,-1.018247807238637
2021-07-21,0.9801,-0.17315135465472142
2021-07-22,0.998,1.8263442505866756
2021-07-23,0.9699,-2.8156312625250535
2021-07-26,0.9119,-5.979997937931736
2021-07-27,0.8426,-7.599517490952956
2021-07-28,0.869,3.1331592689294974
2021-07-29,0.9344,7.525891829689302
2021-07-30,0.9083,-2.7932363013698613
2021-08-02,0.9107,0.2642298799955922
2021-08-03,0.8972,-1.48237619413637
2021-08-04,0.917,2.2068658047258216
2021-08-05,0.899,-1.9629225736095934
2021-08-06,0.896,-0.33370411568409697
2021-08-09,0.8941,-0.21205357142857206
2021-08-10,0.9148,2.315177273235647
2021-08-11,0.9133,-0.1639702667249665
2021-08-12,0.8998,-1.4781561370852958
2021-08-13,0.8841,-1.7448321849299897
2021-08-16,0.8616,-2.5449609772650095
2021-08-17,0.8369,-2.866759517177353
2021-08-18,0.8382,0.1553351654916879
2021-08-19,0.8145,-2.8274874731567534
2021-08-20,0.7979,-2.0380601596071135
2021-08-23,0.8113,1.6794084471738246
2021-08-24,0.8618,6.224577838037715
2021-08-25,0.8627,0.10443258296588542
2021-08-26,0.8478,-1.7271357366407836
2021-08-27,0.8469,-0.10615711252653925
2021-08-30,0.8536,0.7911205573267299
2021-08-31,0.8816,3.2802249297094743
2021-09-01,0.8931,1.3044464609800244
2021-09-02,0.9054,1.3772253946926494
2021-09-03,0.8978,-0.8394079964656465
2021-09-06,0.903,0.5791935843172169
2021-09-07,0.9166,1.5060908084163938
2021-09-08,0.9162,-0.043639537420903096
2021-09-09,0.8759,-4.398602925125516
2021-09-10,0.898,2.523119077520275
2021-09-13,0.8779,-2.2383073496659245
2021-09-14,0.866,-1.3555074609864493
2021-09-15,0.8405,-2.944572748267893
2021-09-16,0.8302,-1.225461035098152
2021-09-17,0.8599,3.577451216574312
2021-09-22,0.8351,-2.8840562856146112
2021-09-23,0.843,0.9459944916776486
2021-09-24,0.8236,-2.301304863582443
2021-09-27,0.8177,-0.716367168528409
2021-09-28,0.8329,1.85887244710774
2021-09-29,0.8269,-0.7203745947892859
2021-09-30,0.8192,-0.9311887773612249
2021-10-08,0.8295,1.25732421875
2021-10-11,0.8528,2.8089210367691297
2021-10-12,0.8268,-3.0487804878048808
2021-10-13,0.8287,0.2298016448959883
2021-10-14,0.8266,-0.25340895378302974
2021-10-15,0.8411,1.75417372368738
2021-10-18,0.8408,-0.03566757817143884
2021-10-19,0.8654,2.925784966698375
2021-10-20,0.8843,2.1839611740235743
2021-10-21,0.8751,-1.040370914847899
2021-10-22,0.8917,1.896926065592508
2021-10-25,0.8891,-0.29157788493888726
2021-10-26,0.877,-1.3609267798897706
2021-10-27,0.8501,-3.067274800456099
2021-10-28,0.8514,0.15292318550759187
2021-10-29,0.8421,-1.0923185341790043
2021-11-01,0.8335,-1.0212563828523868
2021-11-02,0.8348,0.15596880623873766
2021-11-03,0.831,-0.45519885002396343
2021-11-04,0.8418,1.2996389891696714
2021-11-05,0.8298,-1.425516749821809
2021-11-08,0.8192,-1.2774162448782822
2021-11-09,0.8215,0.28076171875
2021-11-10,0.8379,1.9963481436396702
2021-11-11,0.8544,1.9692087361260269
2021-11-12,0.8662,1.3810861423220855
2021-11-15,0.8684,0.2539829138767047
2021-11-16,0.8829,1.669737448180575
2021-11-17,0.8781,-0.5436629289840345
2021-11-18,0.8514,-3.040655961735561
2021-11-19,0.8494,-0.23490721165140283
2021-11-22,0.8451,-0.5062396986107887
2021-11-23,0.8338,-1.3371198674713036
2021-11-24,0.8293,-0.5396977692492144
2021-11-25,0.838,1.0490775352707038
2021-11-26,0.812,-3.1026252983293423
2021-11-29,0.8046,-0.9113300492610943
2021-11-30,0.795,-1.1931394481729973
2021-12-01,0.7973,0.2893081761006222
2021-12-02,0.7928,-0.5644048664241841
2021-12-03,0.7821,-1.349646821392525
2021-12-06,0.7575,-3.1453778289221357
2021-12-07,0.7873,3.93399339933993
2021-12-08,0.7868,-0.06350819255683815
2021-12-09,0.8011,1.817488561260805
2021-12-10,0.7951,-0.748970166021723
2021-12-13,0.7929,-0.276694755376683
2021-12-14,0.7752,-2.2323117669315273
2021-12-15,0.7647,-1.3544891640866807
2021-12-16,0.7671,0.3138485680659109
2021-12-17,0.7513,-2.059705383913446
2021-12-20,0.7316,-2.6221216557966165
2021-12-21,0.7437,1.653909240021867
2021-12-22,0.7524,1.1698265429608723
2021-12-23,0.7461,-0.837320574162681
2021-12-24,0.7442,-0.25465755260689615
2021-12-27,0.7441,-0.013437248051595407
2021-12-28,0.7383,-0.7794651256551544
2021-12-29,0.7261,-1.6524448056345675
2021-12-30,0.726,-0.01377220768489229
2021-12-31,0.7516,3.526170798898076
2022-01-04,0.7405,-1.4768493879723232
2022-01-05,0.7084,-4.334908845374752
2022-01-06,0.7168,1.1857707509881354
2022-01-07,0.73,1.8415178571428603
2022-01-10,0.7445,1.9863013698630194
2022-01-11,0.7444,-0.013431833445276542
2022-01-12,0.7794,4.701773240193452
2022-01-13,0.7652,-1.8219142930459342
2022-01-14,0.7636,-0.2090956612650352
2022-01-17,0.7572,-0.838135149292818
2022-01-18,0.7527,-0.5942947702060164
2022-01-19,0.7466,-0.8104158363225755
2022-01-20,0.7771,4.085186177337263
2022-01-21,0.774,-0.39891905803628447
2022-01-24,0.7522,-2.816537467700264
2022-01-25,0.7335,-2.4860409465567557
2022-01-26,0.7372,0.5044308111792573
2022-01-27,0.7116,-3.472599023331524
2022-01-28,0.7036,-1.1242270938729648
2022-02-07,0.7318,4.007959067652078
2022-02-08,0.7199,-1.6261273572014234
2022-02-09,0.7456,3.569940269481875
2022-02-10,0.749,0.4560085836909922
2022-02-11,0.7405,-1.134846461949257
2022-02-14,0.7281,-1.674544226873742
2022-02-15,0.7261,-0.2746875429199269
2022-02-16,0.7401,1.9281090758848762
2022-02-17,0.7444,0.5810025672206454
2022-02-18,0.7219,-3.0225685115529255
2022-02-21,0.7033,-2.576534146003595
2022-02-22,0.6919,-1.6209299018910994
2022-02-23,0.6989,1.0117068940598273
2022-02-24,0.6696,-4.192302189154384
2022-02-25,0.6751,0.8213859020310688
2022-02-28,0.6743,-0.11850096282032263
2022-03-01,0.6766,0.34109446833752166
2022-03-02,0.6625,-2.083949157552467
2022-03-03,0.6518,-1.6150943396226358
2022-03-04,0.6259,-3.973611537281374
2022-03-07,0.6019,-3.8344783511743086
2022-03-08,0.5815,-3.3892673201528445
2022-03-09,0.5828,0.22355975924333027
2022-03-10,0.5875,0.8064516129032251
2022-03-11,0.5652,-3.7957446808510653
2022-03-14,0.5087,-9.996461429582448
2022-03-15,0.472,-7.214468252408112
2022-03-16,0.5702,20.805084745762727
2022-03-17,0.6082,6.66432830585757
2022-03-18,0.5975,-1.7592897073331004
2022-03-21,0.5908,-1.1213389121338957
2022-03-22,0.6202,4.976303317535535
2022-03-23,0.6312,1.7736214124475902
2022-03-24,0.6145,-2.645754119138144
2022-03-25,0.586,-4.6379170056957015
2022-03-28,0.6001,2.406143344709899
2022-03-29,0.6135,2.2329611731378263
2022-03-30,0.6149,0.22819885900569048
2022-03-31,0.6058,-1.4799154334038
2022-04-01,0.6014,-0.7263123142951411
2022-04-06,0.6118,1.7292983039574272
2022-04-07,0.596,-2.5825433148087718
2022-04-08,0.5895,-1.0906040268456318
2022-04-11,0.5598,-5.038167938931304
2022-04-12,0.5687,1.5898535191139818
2022-04-13,0.5707,0.3516792685071213
2022-04-14,0.5752,0.7885053443140055
2022-04-15,0.5781,0.5041724617524279
2022-04-18,0.5768,-0.2248745891714199
2022-04-19,0.5553,-3.7274618585298125
2022-04-20,0.5547,-0.10804970286332205
2022-04-21,0.5369,-3.20894177032629
2022-04-22,0.5422,0.9871484447755652
2022-04-25,0.5193,-4.223533751383258
2022-04-26,0.5393,3.851338340073185
2022-04-27,0.548,1.6132022992768391
2022-04-28,0.5595,2.0985401459853836
2022-04-29,0.6177,10.40214477211796
2022-05-05,0.5848,-5.326210134369447
2022-05-06,0.5604,-4.172366621067026
2022-05-09,0.5648,0.7851534618129818
2022-05-10,0.5492,-2.7620396600566477
2022-05-11,0.5651,2.8951201747997146
2022-05-12,0.5445,-3.645372500442412
2022-05-13,0.5727,5.179063360881542
2022-05-16,0.5726,-0.017461148943598293
2022-05-17,0.6045,5.571079287460723
2022-05-18,0.5986,-0.976013234077755
2022-05-19,0.5779,-3.4580688272636273
2022-05-20,0.6034,4.412528119051751
2022-05-23,0.5834,-3.314550878355982
2022-05-24,0.563,-3.496743229345234
2022-05-25,0.5652,0.3907637655417462
2022-05-26,0.5654,0.035385704175516786
2022-05-27,0.5914,4.598514326140779
2022-05-30,0.611,3.314169766655395
2022-05-31,0.6246,2.225859247135853
2022-06-01,0.6184,-0.992635286583432
2022-06-02,0.6181,-0.048512289780067164
2022-06-06,0.6422,3.899045461899364
2022-06-07,0.6416,-0.09342883836811477
2022-06-08,0.6709,4.566708229426442
2022-06-09,0.6634,-1.1179013265762539
2022-06-10,0.6759,1.8842327404280823
2022-06-13,0.6476,-4.187009912708984
2022-06-14,0.65,0.3705991352686899
2022-06-15,0.6653,2.353846153846151
2022-06-16,0.6404,-3.7426724785810994
2022-06-17,0.6534,2.0299812617114332
2022-06-20,0.6549,0.22956841138659367
2022-06-21,0.6653,1.5880287066727616
2022-06-22,0.6401,-3.7877649180820705
2022-06-23,0.6544,2.234025933447903
2022-06-24,0.6789,3.74388753056234
2022-06-27,0.7062,4.021210782147611
2022-06-28,0.7101,0.5522514868309125
2022-06-29,0.6892,-2.943247429939433
2022-06-30,0.6824,-0.9866511897852592
2022-07-01,0.6801,-0.33704572098475216
2022-07-04,0.684,0.5734450816056391
2022-07-05,0.6805,-0.511695906432752
2022-07-06,0.6754,-0.7494489346069111
2022-07-07,0.6714,-0.5922416345869097
2022-07-08,0.6746,0.4766160262138719
2022-07-11,0.6483,-3.8986065816780324
2022-07-12,0.6384,-1.5270708005552969
2022-07-13,0.6417,0.5169172932330879
2022-07-14,0.6468,0.79476390836839
2022-07-15,0.6294,-2.6901669758812696
2022-07-18,0.6467,2.748649507467449
2022-07-19,0.6375,-1.422607082109184
2022-07-20,0.6468,1.458823529411779
2022-07-21,0.6488,0.30921459492887493
2022-07-22,0.6502,0.21578298397040285
2022-07-25,0.641,-1.4149492463857216
2022-07-26,0.6491,1.263650546021844
2022-07-27,0.6431,-0.9243568017254677
2022-07-28,0.6416,-0.2332452184730327
2022-07-29,0.6117,-4.660224438902727
2022-08-01,0.6123,0.09808729769493763
2022-08-02,0.5948,-2.8580761064837423
2022-08-03,0.6053,1.7652992602555484
2022-08-04,0.6223,2.8085246984966172
2022-08-05,0.6248,0.4017354973485654
2022-08-08,0.6163,-1.3604353393085855
2022-08-09,0.6096,-1.08713288982637
2022-08-10,0.5933,-2.673884514435687
2022-08-11,0.6113,3.033878307770088
2022-08-12,0.6157,0.7197775233109827
2022-08-15,0.61,-0.9257755400357337
2022-08-16,0.6007,-1.524590163934425
2022-08-17,0.6044,0.6159480605959722
2022-08-18,0.597,-1.2243547319655934
2022-08-19,0.5982,0.20100502512563345
2022-08-22,0.594,-0.7021063189568633
2022-08-23,0.5956,0.2693602693602859
2022-08-24,0.5788,-2.82068502350572
2022-08-25,0.6137,6.029716655148598
2022-08-26,0.6171,0.5540166204986097
2022-08-29,0.6123,-0.7778317938745838
2022-08-30,0.6102,-0.3429691327780482
2022-08-31,0.6173,1.16355293346444
2022-09-01,0.6069,-1.684756196338888
2022-09-02,0.5998,-1.1698797165925146
2022-09-05,0.589,-1.8006002000666932
2022-09-06,0.5902,0.20373514431240025
2022-09-07,0.584,-1.050491358861405
2022-09-08,0.5786,-0.9246575342465646
2022-09-09,0.5927,2.4369166954718358
2022-09-13,0.5902,-0.4217985490129972
2022-09-14,0.5756,-2.473737716028457
2022-09-15,0.5773,0.2953439888811804
2022-09-16,0.5645,-2.217218084185002
2022-09-19,0.554,-1.8600531443755508
2022-09-20,0.5653,2.0397111913357246
2022-09-21,0.5493,-2.8303555634176525
2022-09-22,0.5421,-1.3107591480065461
2022-09-23,0.5305,-2.1398266002582655
2022-09-26,0.5417,2.1112158341187515
2022-09-27,0.5478,1.126084548643158
2022-09-28,0.5307,-3.1215772179627566
2022-09-29,0.5262,-0.847936687394002
2022-09-30,0.5205,-1.083238312428747
2022-10-10,0.5132,-1.402497598463015
2022-10-11,0.4967,-3.2151208106001583
2022-10-12,0.496,-0.14093013891685047
2022-10-13,0.4801,-3.205645161290316
2022-10-14,0.4864,1.3122266194542709
2022-10-17,0.485,-0.28782894736841813
2022-10-18,0.5042,3.958762886597933
2022-10-19,0.4837,-4.065846886156277
2022-10-20,0.4729,-2.232788918751294
2022-10-21,0.4697,-0.676675829985196
2022-10-24,0.4268,-9.133489461358312
2022-10-25,0.44,3.092783505154628
2022-10-26,0.4498,2.227272727272722
2022-10-27,0.4548,1.1116051578479391
2022-10-28,0.4315,-5.123131046613894
2022-10-31,0.4361,1.0660486674391567
2022-11-01,0.4708,7.956890621417112
2022-11-02,0.4843,2.867459643160575
2022-11-03,0.4672,-3.5308692958909815
2022-11-04,0.5006,7.148972602739745
2022-11-07,0.5159,3.0563324011186443
2022-11-08,0.507,-1.7251405311106804
2022-11-09,0.4985,-1.6765285996055201
2022-11-10,0.4846,-2.7883650952858607
2022-11-11,0.5275,8.852661989269507
2022-11-14,0.5289,0.2654028436019029
2022-11-15,0.5638,6.5986008697296095
2022-11-16,0.5619,-0.3369989357928316
2022-11-17,0.5516,-1.8330663819184911
2022-11-18,0.5585,1.2509064539521386
2022-11-21,0.5441,-2.5783348254252436
2022-11-22,0.5314,-2.334129755559644
2022-11-23,0.5338,0.45163718479488413
2022-11-24,0.5372,0.6369426751592355
2022-11-25,0.527,-1.898734177215189
2022-11-28,0.519,-1.5180265654648917
2022-11-29,0.5597,7.84200385356455
2022-11-30,0.5723,2.251206003216022
2022-12-01,0.575,0.471780534684596
2022-12-02,0.5774,0.4173913043478361
2022-12-05,0.6257,8.365084863179773
2022-12-06,0.6102,-2.4772255074316907
2022-12-07,0.5886,-3.539823008849552
2022-12-08,0.622,5.674481821270816
2022-12-09,0.6358,2.2186495176848897
2022-12-12,0.6106,-3.9635105379050017
2022-12-13,0.6177,1.1627906976744207
2022-12-14,0.6172,-0.080945442771585
2022-12-15,0.6018,-2.495139338950092
2022-12-16,0.6072,0.8973080757726848
2022-12-19,0.6029,-0.7081686429512457
2022-12-20,0.5864,-2.7367722673743544
2022-12-21,0.5877,0.22169167803547385
2022-12-22,0.6139,4.458056831716872
2022-12-23,0.602,-1.9384264538198415
2022-12-26,0.6014,-0.09966777408636496
2022-12-27,0.5993,-0.34918523445294225
2022-12-28,0.6123,2.1691973969631073
2022-12-29,0.5995,-2.090478523599526
2022-12-30,0.6009,0.23352793994995125
2022-12-31,0.6008,-0.016641704110498257
2023-01-03,0.6133,2.080559254327552
2023-01-04,0.6368,3.831729985325305
2023-01-05,0.6445,1.2091708542713464
2023-01-06,0.6362,-1.2878200155158948
2023-01-09,0.6495,2.090537566802886
2023-01-10,0.6416,-1.2163202463433387
2023-01-11,0.6413,-0.04675810473815378
2023-01-12,0.6324,-1.3878060190238628
2023-01-13,0.6382,0.9171410499683841
2023-01-16,0.6304,-1.2221874020683199
2023-01-17,0.6307,0.04758883248732193
2023-01-18,0.6369,0.9830347233232839
2023-01-19,0.6273,-1.5073009891662825
2023-01-20,0.643,2.502789733779709
2023-01-30,0.6411,-0.2954898911353032
2023-01-31,0.6345,-1.0294805802526952
2023-02-01,0.6532,2.947202521670622
2023-02-02,0.6505,-0.4133496631965716
2023-02-03,0.6439,-1.014604150653331
2023-02-06,0.6241,-3.0750116477713973
2023-02-07,0.6333,1.4741227367409016
2023-02-08,0.6203,-2.0527396178746216
2023-02-09,0.6398,3.143640174109308
2023-02-10,0.6115,-4.4232572678962185
2023-02-13,0.6153,0.6214227309893516
2023-02-14,0.6089,-1.0401430196651962
2023-02-15,0.6041,-0.7883067827229473
2023-02-16,0.6173,2.1850686972355593
2023-02-17,0.6039,-2.170743560667421
2023-02-20,0.6111,1.1922503725782407
2023-02-21,0.5894,-3.550973654066425
2023-02-22,0.5832,-1.0519172039362035
2023-02-23,0.5919,1.4917695473250836
2023-02-24,0.5715,-3.446528129751647
2023-02-27,0.5733,0.31496062992126816
2023-02-28,0.564,-1.6221873364730688
2023-03-01,0.598,6.028368794326244
2023-03-02,0.5852,-2.140468227424741
2023-03-03,0.599,2.358168147641826
2023-03-06,0.5931,-0.9849749582637735
2023-03-07,0.5874,-0.9610520991401028
2023-03-08,0.5721,-2.6046986721144028
2023-03-09,0.5652,-1.2060828526481382
2023-03-10,0.5442,-3.715498938428874
2023-03-13,0.5563,2.223447262036027
2023-03-14,0.5408,-2.7862664030199658
2023-03-15,0.5483,1.386834319526642
2023-03-16,0.5442,-0.7477658216304972
2023-03-17,0.5659,3.9875045938992937
2023-03-20,0.5474,-3.269128821346523
2023-03-21,0.5606,2.4113993423456215
2023-03-22,0.5653,0.8383874420264004
2023-03-23,0.5902,4.4047408455687
2023-03-24,0.5908,0.10166045408337432
2023-03-27,0.5776,-2.2342586323628955
2023-03-28,0.5827,0.8829639889196716
2023-03-29,0.5968,2.419770036039126
2023-03-30,0.6002,0.5697050938337833
2023-03-31,0.6037,0.5831389536821163
2023-04-03,0.6042,0.08282259400362868
2023-04-04,0.5947,-1.5723270440251458
2023-04-06,0.5958,0.18496721035816677
2023-04-07,0.5965,0.11748909029876131
2023-04-10,0.5958,-0.1173512154233114
2023-04-11,0.598,0.36925142665322763
2023-04-12,0.5873,-1.789297658862865
2023-04-13,0.5851,-0.37459560701517125
2023-04-14,0.5855,0.06836438215691576
2023-04-17,0.597,1.9641332194705319
2023-04-18,0.5912,-0.9715242881072061
2023-04-19,0.5776,-2.3004059539918686
2023-04-20,0.5801,0.43282548476453186
2023-04-21,0.5614,-3.2235821410101617
2023-04-24,0.5602,-0.21375133594584428
2023-04-25,0.5416,-3.3202427704391413
2023-04-26,0.5507,1.680206794682415
2023-04-27,0.5488,-0.3450154349010415
2023-04-28,0.5541,0.9657434402332576
2023-05-04,0.5461,-1.4437827107020351
2023-05-05,0.5516,1.0071415491668123
2023-05-08,0.5541,0.4532269760696206
2023-05-09,0.5394,-2.6529507309150047
2023-05-10,0.5423,0.5376344086021501
2023-05-11,0.5481,1.0695187165775444
2023-05-12,0.5517,0.6568144499178974
2023-05-15,0.5598,1.4681892332789603
2023-05-16,0.5638,0.7145409074669429
2023-05-17,0.5538,-1.7736786094359691
2023-05-18,0.5628,1.625135427952329
2023-05-19,0.5533,-1.6879886282871293
2023-05-22,0.5627,1.6988975239472293
2023-05-23,0.5563,-1.137373378354356
2023-05-24,0.5475,-1.5818802804242416
2023-05-25,0.5361,-2.082191780821907
2023-05-26,0.5373,0.22383883603804833
2023-05-29,0.5298,-1.3958682300390768
2023-05-30,0.5393,1.7931294828237077
2023-05-31,0.5284,-2.0211385128870774
2023-06-01,0.5305,0.39742619227858267
2023-06-02,0.5573,5.051837888784183
2023-06-05,0.5589,0.2870985106764534
2023-06-06,0.559,0.017892288423704272
2023-06-07,0.572,2.325581395348819
2023-06-08,0.5689,-0.5419580419580461
2023-06-09,0.5734,0.7910001757778229
2023-06-12,0.5752,0.3139169863969338
2023-06-13,0.5908,2.712100139082052
2023-06-14,0.5936,0.4739336492890933
2023-06-15,0.6133,3.3187331536387976
2023-06-16,0.6171,0.6195988912440997
2023-06-19,0.6081,-1.4584346135148252
2023-06-20,0.5977,-1.710245025489221
2023-06-21,0.5825,-2.543081813618875
2023-06-26,0.5717,-1.8540772532188887
2023-06-27,0.5859,2.4838201854119335
2023-06-28,0.5896,0.6315070831199865
2023-06-29,0.5807,-1.509497964721851
2023-06-30,0.5774,-0.568279662476312
2023-07-03,0.5961,3.238656044336663
2023-07-04,0.5986,0.41939271934239297
2023-07-05,0.5899,-1.4533912462412313
2023-07-06,0.5821,-1.322258009832178
2023-07-07,0.5748,-1.2540800549733722
2023-07-10,0.5796,0.8350730688935437
2023-07-11,0.587,1.2767425810904065
2023-07-12,0.597,1.7035775127768327
2023-07-13,0.6169,3.3333333333333437
2023-07-14,0.6147,-0.3566218187712744
2023-07-17,0.6152,0.0813404912965554
2023-07-18,0.6023,-2.096879063719115
2023-07-19,0.6008,-0.24904532624936415
2023-07-20,0.5934,-1.231691078561914
2023-07-21,0.5982,0.8088978766430666
2023-07-24,0.5858,-2.0728853226345656
2023-07-25,0.6189,5.650392625469447
2023-07-26,0.6136,-0.8563580546130156
2023-07-27,0.6302,2.7053455019556694
2023-07-28,0.6481,2.840368137099336
2023-07-31,0.66,1.8361363987039026
2023-08-01,0.6581,-0.2878787878787925
2023-08-02,0.6386,-2.9630755204376302
2023-08-03,0.6416,0.469777638584401
2023-08-04,0.6529,1.7612219451371702
2023-08-07,0.6524,-0.07658140603462593
2023-08-08,0.6369,-2.3758430410790843
2023-08-09,0.6365,-0.06280420788193908
2023-08-10,0.6365,0.0
2023-08-11,0.6221,-2.2623723487824043
2023-08-14,0.6142,-1.2698923002732676
2023-08-15,0.6104,-0.6186909801367491
2023-08-16,0.6045,-0.9665792922673666
2023-08-17,0.6093,0.7940446650123834
2023-08-18,0.5886,-3.3973412112259904
2023-08-21,0.5761,-2.123683316343883
2023-08-22,0.5863,1.7705259503558501
2023-08-23,0.5875,0.20467337540508446
2023-08-24,0.6075,3.404255319148941
2023-08-25,0.593,-2.3868312757201804
2023-08-28,0.6019,1.5008431703203984
2023-08-29,0.6162,2.3758099352051865
2023-08-30,0.6104,-0.9412528399870057
2023-08-31,0.6083,-0.34403669724771824
2023-09-01,0.6084,0.01643925694561066
2023-09-04,0.6253,2.777777777777768
2023-09-05,0.6106,-2.350871581640801
2023-09-06,0.6094,-0.1965280052407481
2023-09-07,0.5977,-1.9199212340006655
2023-09-08,0.5993,0.2676928224861985
2023-09-11,0.5978,-0.25029200734191237
2023-09-12,0.5943,-0.5854800936768045
2023-09-13,0.5909,-0.5721016321723171
2023-09-14,0.593,0.35539008292435614
2023-09-15,0.5949,0.3204047217537864
2023-09-18,0.582,-2.168431669188098
2023-09-19,0.5823,0.05154639175259934
2023-09-20,0.5731,-1.579941610853508
2023-09-21,0.563,-1.762345140464161
2023-09-22,0.583,3.5523978685612745
2023-09-25,0.5679,-2.5900514579759837
2023-09-26,0.5588,-1.6023947878147538
2023-09-27,0.5607,0.34001431639227864
2023-09-28,0.5534,-1.3019439985732073
2023-10-09,0.5591,1.0299963859776051
2023-10-10,0.5662,1.2698980504382007
2023-10-11,0.5774,1.9780996114447058
2023-10-12,0.5865,1.5760304814686599
2023-10-13,0.5671,-3.3077578857629963
2023-10-16,0.5577,-1.6575559865984912
2023-10-17,0.5614,0.6634391249775939
2023-10-18,0.5519,-1.692198076237983
2023-10-19,0.5415,-1.8843993477079102
2023-10-20,0.5365,-0.9233610341643606
2023-10-23,0.5362,-0.05591798695245842
2023-10-24,0.5308,-1.0070869078701916
2023-10-25,0.5415,2.0158251695553853
2023-10-26,0.543,0.27700831024932704
2023-10-27,0.5559,2.375690607734793
2023-10-30,0.5623,1.1512862025544246
2023-10-31,0.5492,-2.329717232793882
2023-11-01,0.5479,-0.236707938820091
2023-11-02,0.5566,1.5878810001825006
2023-11-03,0.5735,3.036291771469646
2023-11-06,0.5963,3.97558849171753
2023-11-07,0.5905,-0.9726647660573629
2023-11-08,0.5858,-0.7959356477561408
2023-11-09,0.5866,0.13656538067601254
2023-11-10,0.5687,-3.051483123082177
2023-11-13,0.5808,2.127659574468077
2023-11-14,0.5767,-0.705922865013775
2023-11-15,0.601,4.213629269984387
2023-11-16,0.59,-1.830282861896837
2023-11-17,0.5812,-1.4915254237288011
2023-11-20,0.5936,2.1335168616655187
2023-11-21,0.5868,-1.1455525606469008
2023-11-22,0.5844,-0.4089979550102152
2023-11-23,0.5959,1.9678302532511793
2023-11-24,0.5827,-2.215136767914083
2023-11-27,0.5841,0.2402608546421714
2023-11-28,0.5794,-0.8046567368601099
2023-11-29,0.5656,-2.381774249223345
2023-11-30,0.5633,-0.4066478076379054
2023-12-01,0.5543,-1.5977276761938608
2023-12-04,0.5435,-1.9484033916651655
2023-12-05,0.5334,-1.8583256669733261
2023-12-06,0.5423,1.668541432320958
2023-12-07,0.5392,-0.5716393140328235
2023-12-08,0.5366,-0.48219584569734186
2023-12-11,0.5315,-0.9504286246738713
2023-12-12,0.5406,1.7121354656632226
2023-12-13,0.534,-1.220865704772467
2023-12-14,0.5354,0.26217228464417985
2023-12-15,0.5455,1.8864400448262986
2023-12-18,0.5387,-1.2465627864344686
2023-12-19,0.5365,-0.40839056989047107
2023-12-20,0.5391,0.4846225535880766
2023-12-21,0.5367,-0.4451864218141477
2023-12-22,0.5137,-4.285448108813106
2023-12-25,0.5136,-0.019466614755714318
2023-12-26,0.5136,0.0
2023-12-27,0.5264,2.492211838006231
2023-12-28,0.5432,3.1914893617021267
2023-12-29,0.5419,-0.23932253313696528
2023-12-31,0.5419,0.0
2024-01-02,0.5349,-1.2917512456172786
2024-01-03,0.5272,-1.4395214058702588
2024-01-04,0.5289,0.3224582701062184
2024-01-05,0.5201,-1.6638305917942908
2024-01-08,0.5052,-2.8648336858296486
2024-01-09,0.501,-0.8313539192398967
2024-01-10,0.4973,-0.7385229540918137
2024-01-11,0.5079,2.131510154836125
2024-01-12,0.5032,-0.9253790116164673
2024-01-15,0.4939,-1.8481717011128773
2024-01-16,0.4834,-2.125936424377406
2024-01-17,0.4606,-4.716590815059984
2024-01-18,0.4631,0.5427702996092076
2024-01-19,0.4566,-1.4035845389764656
2024-01-22,0.4432,-2.934734997809907
2024-01-23,0.4589,3.542418772563183
2024-01-24,0.4769,3.9224231858792757
2024-01-25,0.481,0.8597190186621972
2024-01-26,0.4641,-3.513513513513511
2024-01-29,0.4667,0.5602240896358524
2024-01-30,0.452,-3.1497750160702775
2024-01-31,0.439,-2.8761061946902644
2024-02-01,0.4474,1.913439635535319
2024-02-02,0.444,-0.7599463567277587
2024-02-05,0.4436,-0.09009009009008917
2024-02-06,0.472,6.402164111812447
2024-02-07,0.4644,-1.610169491525426
2024-02-08,0.4615,-0.6244616709732864
2024-02-19,0.4725,2.383531960996743
2024-02-20,0.4743,0.3809523809523929
2024-02-21,0.4861,2.4878768711785737
2024-02-22,0.4942,1.6663238016868975
2024-02-23,0.493,-0.2428166734115722
2024-02-26,0.4921,-0.18255578093306912
2024-02-27,0.5073,3.0888030888030826
2024-02-28,0.4967,-2.0894933964123785
2024-02-29,0.4971,0.08053150795248598
2024-03-01,0.5053,1.6495674914503988
2024-03-04,0.503,-0.45517514347911403
2024-03-05,0.4826,-4.055666003976144
2024-03-06,0.4945,2.465810194778295
2024-03-07,0.487,-1.5166835187057637
2024-03-08,0.4906,0.7392197125256628
2024-03-11,0.5037,2.67019975540157
2024-03-12,0.5256,4.347826086956497
2024-03-13,0.5275,0.36149162861491835
2024-03-14,0.5207,-1.2890995260663396
2024-03-15,0.5133,-1.4211638179374098
2024-03-18,0.5188,1.0714981492304876
2024-03-19,0.5103,-1.6383962991519008
2024-03-20,0.5132,0.5682931608857578
2024-03-21,0.5176,0.8573655494933607
2024-03-22,0.5006,-3.2843894899536097
2024-03-25,0.4976,-0.5992808629644575
2024-03-26,0.5019,0.8641479099678495
2024-03-27,0.4913,-2.1119744969117393
2024-03-28,0.5026,2.3000203541624353
2024-03-29,0.5025,-0.019896538002406317
2024-04-01,0.5024,-0.019900497512437276
2024-04-02,0.5116,1.8312101910828327
2024-04-03,0.5013,-2.013291634089154
2024-04-08,0.4992,-0.4189108318372159
2024-04-09,0.5036,0.8814102564102644
2024-04-10,0.5137,2.005559968228754
2024-04-11,0.5118,-0.36986568035818346
2024-04-12,0.5028,-1.7584994138335253
2024-04-15,0.4986,-0.8353221957040691
2024-04-16,0.4849,-2.747693541917362
2024-04-17,0.4851,0.04124561765312951
2024-04-18,0.4872,0.43290043290045155
2024-04-19,0.4763,-2.2372742200328477
2024-04-22,0.4841,1.637623346630268
2024-04-23,0.4996,3.201817806238383
2024-04-24,0.5167,3.4227381905524545
2024-04-25,0.5144,-0.44513257209214396
2024-04-26,0.5375,4.490668740279946
2024-04-29,0.5369,-0.11162790697673008
2024-04-30,0.5355,-0.2607561929595992
2024-05-06,0.5783,7.992530345471538
2024-05-07,0.5661,-2.1096316790593095
2024-05-08,0.559,-1.254195371842426
2024-05-09,0.57,1.9677996422182265
2024-05-10,0.572,0.35087719298245723
2024-05-13,0.5798,1.3636363636363669
2024-05-14,0.5833,0.6036564332528638
2024-05-15,0.5833,0.0
2024-05-16,0.5879,0.788616492370986
2024-05-17,0.5942,1.0716108181663575
2024-05-20,0.5972,0.5048805116122601
2024-05-21,0.5768,-3.415941058271932
2024-05-22,0.578,0.20804438280166426
2024-05-23,0.5649,-2.2664359861591654
2024-05-24,0.5514,-2.3898035050451294
2024-05-27,0.5599,1.5415306492564396
2024-05-28,0.559,-0.16074298981959556
2024-05-29,0.5464,-2.2540250447227295
2024-05-30,0.5448,-0.2928257686676483
2024-05-31,0.5358,-1.6519823788546106
2024-06-03,0.5483,2.3329600597237654
2024-06-04,0.5499,0.2918110523436157
2024-06-05,0.5524,0.4546281142025821
2024-06-06,0.5573,0.8870383779869595
2024-06-07,0.5476,-1.740534720976139
2024-06-11,0.5455,-0.3834915997078192
2024-06-12,0.5377,-1.429880843263065
2024-06-13,0.5442,1.2088525199925648
2024-06-14,0.5399,-0.7901506798970948
2024-06-17,0.5401,0.03704389701795208
2024-06-18,0.5385,-0.29624143677097203
2024-06-19,0.5573,3.491179201485606
2024-06-20,0.5488,-1.5252108379687934
2024-06-21,0.5398,-1.639941690962099
2024-06-24,0.5364,-0.6298629121896937
2024-06-25,0.5332,-0.5965697240865042
2024-06-26,0.5379,0.8814703675918967
2024-06-27,0.5242,-2.5469418107454955
2024-06-28,0.5196,-0.8775276611980298
2024-06-30,0.5195,-0.019245573518089643
2024-07-01,0.5195,0.0
2024-07-02,0.5172,-0.44273339749758556
2024-07-03,0.5293,2.3395204949729242
2024-07-04,0.5325,0.6045720763272255
2024-07-05,0.5253,-1.3521126760563384
2024-07-08,0.5208,-0.8566533409480215
2024-07-09,0.5259,0.9792626728110543
2024-07-10,0.526,0.019015021867274662
2024-07-11,0.5393,2.5285171102661597
2024-07-12,0.5511,2.188021509363991
2024-07-15,0.5364,-2.667392487751774
2024-07-16,0.5298,-1.230425055928397
2024-07-17,0.532,0.41525103812758424
2024-07-18,0.5279,-0.7706766917293217
2024-07-19,0.5174,-1.9890130706573306
2024-07-22,0.5275,1.9520680324700335
2024-07-23,0.5187,-1.668246445497612
2024-07-24,0.5112,-1.4459224985540864
2024-07-25,0.5013,-1.9366197183098621
2024-07-26,0.504,0.5385996409335903
2024-07-29,0.5072,0.6349206349206327
2024-07-30,0.5,-1.4195583596214534
2024-07-31,0.5146,2.9199999999999893
2024-08-01,0.5088,-1.1270890011659374
2024-08-02,0.4965,-2.417452830188682
2024-08-05,0.492,-0.9063444108761365
2024-08-06,0.4914,-0.12195121951219523
2024-08-07,0.497,1.139601139601143
2024-08-08,0.4956,-0.28169014084507005
2024-08-09,0.5049,1.8765133171912973
2024-08-12,0.5037,-0.2376708259061111
2024-08-13,0.5044,0.13897161008535885
2024-08-14,0.4994,-0.9912767644726261
2024-08-15,0.4975,-0.3804565478574329
2024-08-16,0.508,2.110552763819107
2024-08-19,0.5158,1.5354330708661434
2024-08-20,0.5131,-0.5234587049243955
2024-08-21,0.5041,-1.7540440459949291
2024-08-22,0.5137,1.9043840507835919
2024-08-23,0.5087,-0.9733307377846945
2024-08-26,0.5119,0.6290544525260344
2024-08-27,0.5122,0.05860519632741035
2024-08-28,0.5041,-1.581413510347518
2024-08-29,0.5071,0.5951200158698766
2024-08-30,0.5197,2.4847170183395884
2024-09-02,0.5087,-2.116605734077359
2024-09-03,0.5107,0.3931590328287715
2024-09-04,0.509,-0.33287644409634165
2024-09-05,0.5089,-0.019646365422398837
2024-09-06,0.5084,-0.0982511298880051
2024-09-09,0.501,-1.4555468135326488
2024-09-10,0.5039,0.5788423153692657
2024-09-11,0.5042,0.05953562214724428
2024-09-12,0.5078,0.7140023800079387
2024-09-13,0.507,-0.15754233950374674
2024-09-18,0.5141,1.4003944773175458
2024-09-19,0.5306,3.209492316669893
2024-09-20,0.5354,0.9046362608367886
2024-09-23,0.534,-0.26148673888680696
2024-09-24,0.5639,5.599250936329581
2024-09-25,0.5629,-0.1773364071643857
2024-09-26,0.6028,7.088292769586091
2024-09-27,0.6338,5.142667551426672
2024-09-30,0.6738,6.311139160618473
2024-10-08,0.67,-0.5639655684179123
2024-10-09,0.6608,-1.3731343283582054
2024-10-10,0.6764,2.360774818401934
2024-10-11,0.6765,0.014784151389712896
2024-10-14,0.6668,-1.433850702143391
2024-10-15,0.639,-4.169166166766636
2024-10-16,0.6352,-0.5946791862284861
2024-10-17,0.6279,-1.149244332493704
2024-10-18,0.6627,5.542283803153358
2024-10-21,0.6454,-2.6105326693828257
2024-10-22,0.6512,0.8986674930275829
2024-10-23,0.663,1.8120393120393263
2024-10-24,0.6471,-2.3981900452488714
2024-10-25,0.6526,0.8499459125328235
2024-10-28,0.659,0.9806926141587624
2024-10-29,0.6657,1.016691957511373
2024-10-30,0.6516,-2.118071203244709
2024-10-31,0.6481,-0.5371393492940357
2024-11-01,0.6449,-0.49375096435735344
2024-11-04,0.6519,1.08543960303924
2024-11-05,0.6722,3.113974535971775
2024-11-06,0.6558,-2.4397500743826184
2024-11-07,0.6757,3.034461726135995
2024-11-08,0.6724,-0.4883824182329355
2024-11-11,0.673,0.08923259964308539
2024-11-12,0.6475,-3.789004457652312
2024-11-13,0.6476,0.01544401544402163
2024-11-14,0.6283,-2.9802347127856677
2024-11-15,0.6296,0.2069075282508548
2024-11-18,0.6307,0.17471410419314104
2024-11-19,0.6382,1.189154907245915
2024-11-20,0.6408,0.40739580068944736
2024-11-21,0.6332,-1.1860174781523125
2024-11-22,0.6178,-2.4320909665192625
2024-11-25,0.6159,-0.30754289414050007
2024-11-26,0.614,-0.3084916382529612
2024-11-27,0.6357,3.534201954397398
2024-11-28,0.6259,-1.541607676577006
2024-11-29,0.6319,0.9586195877935744
2024-12-02,0.6391,1.139420794429502
2024-12-03,0.642,0.45376310436551215
2024-12-04,0.6393,-0.42056074766355644
2024-12-05,0.6342,-0.7977475363678987
2024-12-06,0.6463,1.9079154840744295
2024-12-09,0.6733,4.177626489246489
2024-12-10,0.6651,-1.2178820733699691
2024-12-11,0.656,-1.3682153059690227
2024-12-12,0.6656,1.4634146341463428
2024-12-13,0.6491,-2.4789663461538436
2024-12-16,0.6402,-1.371129255892778
2024-12-17,0.6369,-0.5154639175257714
2024-12-18,0.6481,1.7585178206939833
2024-12-19,0.6441,-0.6171887054466918
2024-12-20,0.6448,0.1086787765874897
2024-12-23,0.6461,0.20161290322580072
2024-12-24,0.6534,1.1298560594335205
2024-12-25,0.6535,0.015304560759110686
2024-12-26,0.6538,0.04590665646519998
2024-12-27,0.658,0.6423982869379063
2024-12-30,0.6529,-0.7750759878419444
2024-12-31,0.6485,-0.6739163731046216
2025-01-02,0.6323,-2.49807247494217
2025-01-03,0.6384,0.9647319310453817
2025-01-06,0.6372,-0.1879699248120259
2025-01-07,0.6319,-0.8317639673571797
2025-01-08,0.6252,-1.0602943503719042
2025-01-09,0.6255,0.04798464491362342
2025-01-10,0.6185,-1.119104716227004
2025-01-13,0.6125,-0.9700889248181133
2025-01-14,0.6307,2.9714285714285804
2025-01-15,0.6322,0.23783098144918302
2025-01-16,0.6396,1.1705156596013788
2025-01-17,0.648,1.3133208255159623
2025-01-20,0.6643,2.5154320987654355
2025-01-21,0.6768,1.8816799638717407
2025-01-22,0.661,-2.3345153664302454
2025-01-23,0.652,-1.3615733736762503
2025-01-24,0.6712,2.944785276073625
2025-01-27,0.6752,0.5959475566150285
2025-02-05,0.7099,5.139218009478674
2025-02-06,0.7281,2.5637413720242197
2025-02-07,0.7413,1.8129377832715177
2025-02-10,0.7604,2.576554701200595
2025-02-11,0.741,-2.551288795370854
2025-02-12,0.7601,2.57759784075573
2025-02-13,0.7543,-0.763057492435204
2025-02-14,0.7948,5.3692164921118835
2025-02-17,0.7914,-0.4277805737292306
2025-02-18,0.8106,2.426080363912053
2025-02-19,0.8162,0.6908462867012188
2025-02-20,0.7928,-2.866944376378344
2025-02-21,0.8418,6.180625630676095
2025-02-24,0.8331,-1.0334996436208166
2025-02-25,0.8205,-1.5124234785739987
2025-02-26,0.8558,4.302254722730048
2025-02-27,0.8457,-1.1801822855807442
2025-02-28,0.8034,-5.001773678609434
2025-03-03,0.7987,-0.5850136918098103
2025-03-04,0.7987,0.0
2025-03-05,0.8295,3.856266432953559
2025-03-06,0.8722,5.147679324894505
2025-03-07,0.8678,-0.5044714515019422
2025-03-10,0.8469,-2.408389029730351
2025-03-11,0.8583,1.3460857244066649
2025-03-12,0.8409,-2.0272631946871678
2025-03-13,0.8281,-1.5221786181472297
2025-03-14,0.846,2.16157468904723
2025-03-17,0.8442,-0.21276595744681437
2025-03-18,0.8766,3.837953091684443
2025-03-19,0.8672,-1.0723248916267525
2025-03-20,0.84,-3.136531365313655
2025-03-21,0.8131,-3.2023809523809454
2025-03-24,0.8264,1.6357151641864354
2025-03-25,0.7961,-3.666505324298164
2025-03-26,0.8031,0.8792865217937429
2025-03-27,0.8055,0.2988419872992143
2025-03-28,0.7939,-1.4400993171942877
2025-03-31,0.7789,-1.8894067262879455
2025-04-01,0.7803,0.17974065990498111
2025-04-02,0.7831,0.35883634499551675
2025-04-03,0.7681,-1.9154641808198258
2025-04-07,0.6468,-15.792214555396434
2025-04-08,0.6697,3.5405071119356757
2025-04-09,0.6871,2.598178288786035
2025-04-10,0.7045,2.532382477077566
2025-04-11,0.7164,1.6891412349183899
2025-04-14,0.7324,2.2333891680625273
2025-04-15,0.7277,-0.6417258328782149
2025-04-16,0.7026,-3.449223581146077
2025-04-17,0.7139,1.6083119840591964
2025-04-18,0.7134,-0.07003782042301898
2025-04-21,0.7135,0.014017381553133035
2025-04-22,0.7152,0.23826208829711426
2025-04-23,0.7364,2.9642058165548324
2025-04-24,0.7258,-1.4394350896252073
2025-04-25,0.7262,0.05511160099200829
2025-04-28,0.7269,0.09639217846324488
2025-04-29,0.7308,0.5365249690466367
2025-04-30,0.7399,1.245210727969348
2025-05-06,0.7614,2.90579808082172
2025-05-07,0.7559,-0.72235355923298
2025-05-08,0.7597,0.5027119989416517
2025-05-09,0.7521,-1.0003948927208128
2025-05-12,0.7877,4.733413109958784
2025-05-13,0.7612,-3.364224958740636
2025-05-14,0.7754,1.865475564897534
2025-05-15,0.7632,-1.5733814805261814
2025-05-16,0.7608,-0.3144654088050314
2025-05-19,0.756,-0.6309148264984299
2025-05-20,0.7638,1.031746031746028
2025-05-21,0.767,0.4189578423671181
2025-05-22,0.7544,-1.6427640156453815
2025-05-23,0.7535,-0.11930010604453978
2025-05-26,0.7399,-1.8049104180490994
2025-05-27,0.7435,0.4865522367887509
2025-05-28,0.7423,-0.16139878950909292
2025-05-29,0.7601,2.397952310386642
2025-05-30,0.7413,-2.4733587685830893
2025-06-03,0.7441,0.37771482530690736
2025-06-04,0.7482,0.5510012095148564
2025-06-05,0.7616,1.7909649826249874
2025-06-06,0.7549,-0.879726890756305
2025-06-09,0.775,2.662604318452777
2025-06-10,0.7696,-0.6967741935483995
2025-06-11,0.778,1.0914760914761068
2025-06-12,0.7616,-2.107969151670952
2025-06-13,0.749,-1.6544117647058876
2025-06-16,0.7571,1.0814419225634087
2025-06-17,0.7556,-0.19812442213709147
2025-06-18,0.7452,-1.3763896241397622
2025-06-19,0.7279,-2.3215244229736975
2025-06-20,0.7336,0.7830745981590947
2025-06-23,0.741,1.0087241003271519
2025-06-24,0.7555,1.9568151147098423
2025-06-25,0.764,1.1250827266710894
2025-06-26,0.7617,-0.3010471204188403
2025-06-27,0.7616,-0.013128528291972419
2025-06-30,0.756,-0.7352941176470673
2025-07-01,0.7555,-0.0661375661375696
2025-07-02,0.7509,-0.608868299139631
2025-07-03,0.7458,-0.6791849780263703
2025-07-04,0.7438,-0.26816840976132683
2025-07-07,0.745,0.16133369185264979
2025-07-08,0.7583,1.785234899328847
2025-07-09,0.7456,-1.6747988922589885
2025-07-10,0.7433,-0.3084763948497993
2025-07-11,0.747,0.4977801695143391
2025-07-14,0.7517,0.629183400267741
2025-07-15,0.7717,2.6606358919781803
2025-07-16,0.7704,-0.16845924582092886
2025-07-17,0.7738,0.4413291796469432
2025-07-18,0.7865,1.6412509692426802
2025-07-21,0.7929,0.8137317228226415
2025-07-22,0.7949,0.252238617732381
2025-07-23,0.813,2.2770159768524145
2025-07-24,0.8124,-0.07380073800736797
2025-07-25,0.804,-1.0339734121122546
2025-07-28,0.8027,-0.16169154228856675
2025-07-29,0.8005,-0.2740749968855094
2025-07-30,0.7797,-2.598376014990633
2025-07-31,0.7752,-0.5771450557906843
2025-08-01,0.7674,-1.0061919504643968
2025-08-04,0.7776,1.3291634089132032
2025-08-05,0.7826,0.643004115226331
2025-08-06,0.7845,0.2427804753386109
2025-08-07,0.7858,0.16571064372212785
2025-08-08,0.7745,-1.438024942733529
2025-08-11,0.7747,0.025823111684974975
2025-08-12,0.7719,-0.3614302310571915
2025-08-13,0.797,3.25171654359373
2025-08-14,0.7895,-0.941028858218329
2025-08-15,0.7865,-0.37998733375553817
2025-08-18,0.7913,0.6102987921169811
2025-08-19,0.7872,-0.5181347150259086
2025-08-20,0.7891,0.2413617886178887
2025-08-21,0.7814,-0.9757952097326106
2025-08-22,0.8018,2.6106987458407893
2025-08-25,0.8238,2.743826390621096
2025-08-26,0.8188,-0.6069434328720535
2025-08-27,0.8085,-1.2579384465070786
2025-08-28,0.8012,-0.9029066171923228
2025-08-29,0.8041,0.36195706440340647
2025-09-01,0.821,2.101728640716316
2025-09-02,0.8115,-1.1571254567600442
2025-09-03,0.8047,-0.8379544054220589
2025-09-04,0.7906,-1.7522057909780009
2025-09-05,0.805,1.8214014672400802
2025-09-08,0.8138,1.0931677018633401
2025-09-09,0.8243,1.2902433030228533
2025-09-10,0.8353,1.334465607181845
2025-09-11,0.8331,-0.26337842691249724
2025-09-12,0.8466,1.6204537270435804
2025-09-15,0.8552,1.0158280179541679
2025-09-16,0.8593,0.4794200187090647
2025-09-17,0.8934,3.9683463284068354
2025-09-18,0.8862,-0.8059100067159153
2025-09-19,0.8896,0.3836605732340237
2025-09-22,0.8852,-0.49460431654675396
2025-09-23,0.8726,-1.4234071396294512
2025-09-24,0.8933,2.3722209488883816
2025-09-25,0.901,0.8619724616590219
2025-09-26,0.876,-2.7746947835738056
2025-09-29,0.8927,1.9063926940639409
2025-09-30,0.9109,2.0387588215526
2025-10-09,0.9123,0.15369414864419007
2025-10-10,0.883,-3.211662830209361
2025-10-13,0.8675,-1.7553793884484636
2025-10-14,0.8383,-3.3659942363112427
2025-10-15,0.8588,2.445425265418111
2025-10-16,0.8488,-1.1644154634373516
2025-10-17,0.8162,-3.8407163053722826
2025-10-20,0.8398,2.891448174467026
2025-10-21,0.8495,1.1550369135508554
2025-10-22,0.838,-1.353737492642737
2025-10-23,0.8412,0.3818615751789878
2025-10-24,0.8558,1.7356157869709898
2025-10-27,0.8706,1.7293760224351473
2025-10-28,0.86,-1.2175511141741424
2025-10-29,0.8597,-0.034883720930223294
2025-10-30,0.8542,-0.6397580551355198
2025-10-31,0.8352,-2.2243034418168883
2025-11-03,0.8364,0.1436781609195359
2025-11-04,0.8224,-1.6738402678144415
2025-11-05,0.8181,-0.5228599221789865
2025-11-06,0.839,2.5546999144358873
2025-11-07,0.8242,-1.7640047675804404
2025-11-10,0.8345,1.2496966755641825
2025-11-11,0.8359,0.16776512881964134
2025-11-12,0.837,0.13159468835985955
2025-11-13,0.8436,0.7885304659498216
2025-11-14,0.8207,-2.7145566619250827
2025-11-17,0.8127,-0.9747776288534182
2025-11-18,0.798,-1.8087855297157507
2025-11-19,0.7917,-0.7894736842105399
2025-11-20,0.7876,-0.5178729316660302
2025-11-21,0.7631,-3.1107160995429095
2025-11-24,0.7831,2.620888481195127
2025-11-25,0.792,1.1365087472864355
2025-11-26,0.793,0.12626262626262985
2025-11-27,0.7899,-0.3909205548549788
2025-11-28,0.7899,0.0
2025-12-01,0.7948,0.6203316875553755
2025-12-02,0.792,-0.352289884247603
2025-12-03,0.78,-1.5151515151515138
2025-12-04,0.7909,1.3974358974359058
2025-12-05,0.797,0.77127323302566
2025-12-08,0.7969,-0.012547051442912682
2025-12-09,0.7829,-1.7568076295645607
2025-12-10,0.786,0.39596372461361273
2025-12-11,0.7792,-0.8651399491094169
2025-12-12,0.7922,1.6683778234086288
2025-12-15,0.7734,-2.373138096440297
2025-12-16,0.76,-1.7326092578225927
2025-12-17,0.7673,0.9605263157894672
2025-12-18,0.7621,-0.6777010295842545
2025-12-19,0.7696,0.9841228185277551
2025-12-22,0.7759,0.8186070686070801
2025-12-23,0.7706,-0.683077716200553
2025-12-24,0.7715,0.11679211004411716
2025-12-25,0.7707,-0.10369410239791099
2025-12-26,0.7704,-0.03892565200468434
2025-12-29,0.7681,-0.29854620976116353
2025-12-30,0.7804,1.601353990365828
2025-12-31,0.7709,-1.217324449000512
2026-01-05,0.7991,3.6580620054481816
2026-01-06,0.8102,1.3890626955324725
2026-01-07,0.7984,-1.4564305109849407
2026-01-08,0.7906,-0.9769539078156364
2026-01-09,0.7902,-0.05059448520110532
2026-01-12,0.813,2.8853454821563984
2026-01-13,0.8134,0.04920049200491938
2026-01-14,0.818,0.5655274157855938
2026-01-15,0.8075,-1.2836185819070867
2026-01-16,0.8064,-0.13622291021672117
2026-01-19,0.7963,-1.2524801587301626
2026-01-20,0.787,-1.1679015446439789
2026-01-21,0.7953,1.054637865311303
2026-01-22,0.7976,0.2891990443857573
2026-01-23,0.8008,0.4012036108324901
2026-01-26,0.7906,-1.2737262737262722
2026-01-27,0.7942,0.4553503668100145
2026-01-28,0.8117,2.20347519516495
2026-01-29,0.804,-0.9486263397807004
2026-01-30,0.7865,-2.176616915422891
2026-02-02,0.7611,-3.229497774952317
2026-02-03,0.7523,-1.156221258704515
2026-02-04,0.7381,-1.8875448624219082
2026-02-05,0.7439,0.7858013819265652
2026-02-06,0.7362,-1.035085360935617
2026-02-09,0.7446,1.1409942950285412
2026-02-10,0.7481,0.4700510341122621
2026-02-11,0.7539,0.7752974201310048
2026-02-12,0.7425,-1.5121368881814479
2026-02-13,0.7353,-0.969696969696987
2026-02-24,0.7234,-1.6183870529035693
2026-02-25,0.7208,-0.3594138789051793
2026-02-26,0.7005,-2.816315205327413
2026-02-27,0.7038,0.471092077087798
2026-03-02,0.6844,-2.7564649048024914
2026-03-03,0.6683,-2.3524254821741697
2026-03-04,0.6639,-0.658386951967671
2026-03-05,0.6576,-0.9489380930863156
2026-03-06,0.6768,2.9197080291970767
2026-03-09,0.6777,0.13297872340425343
2026-03-10,0.6911,1.9772760808617562
2026-03-11,0.6895,-0.23151497612502459
2026-03-12,0.6864,-0.44960116026105945
2026-03-13,0.6805,-0.8595571095571075
2026-03-16,0.6981,2.5863335782512875
2026-03-17,0.6966,-0.21486892995273843
2026-03-18,0.6956,-0.14355440712029433
2026-03-19,0.6816,-2.0126509488211597
2026-03-20,0.6651,-2.420774647887314
2026-03-23,0.6456,-2.931889941362209
2026-03-24,0.6601,2.245972738537816
2026-03-25,0.6727,1.9088016967126142
2026-03-26,0.6534,-2.8690352311580125
2026-03-27,0.6555,0.3213957759412356
2026-03-30,0.6442,-1.7238749046529334
2026-03-31,0.6383,-0.9158646383110813
2026-04-01,0.6506,1.9269935766880852
2026-04-02,0.6391,-1.7675991392560597
2026-04-03,0.6396,0.07823501799404387
2026-04-07,0.6389,-0.10944340212631909
2026-04-08,0.6705,4.9460009391141035
2026-04-09,0.6572,-1.9835943325876126
2026-04-10,0.6621,0.7455873402312907
2026-04-13,0.657,-0.770276393294067
2026-04-14,0.6605,0.5327245053272422
2026-04-15,0.668,1.1355034065102299
2026-04-16,0.6918,3.5628742514969947
2026-04-17,0.6859,-0.8528476438277033
2026-04-20,0.6886,0.393643388249032
2026-04-21,0.6875,-0.15974440894568342
2026-04-22,0.6752,-1.7890909090909068
2026-04-23,0.6626,-1.8661137440758369
2026-04-24,0.6675,0.7395110172049524
2026-04-27,0.6714,0.5842696629213551
2026-04-28,0.6567,-2.1894548704200267
2026-04-29,0.6677,1.675041876046901
2026-04-30,0.6629,-0.7188857271229421
2026-05-06,0.6749,1.8102277869965322
2026-05-07,0.6939,2.8152318862053605
2026-05-08,0.6918,-0.3026372676178113
2026-05-11,0.6922,0.05782017924256255
2026-05-12,0.6871,-0.7367812770875504
2026-05-13,0.6901,0.4366176684616585
